nOld,Long,Lat,County,StateCode,State,NationCode,Nation,Group,Order,NationGroup,n
1,-121.2722473,35.78694534,San Luis Obispo,CA,California,EN,El Norte,196,8919,3,1
2,-121.2722473,35.78694534,San Luis Obispo,CA,California,EN,El Norte,196,8980,3,2
3,-120.2008133,35.77548599,San Luis Obispo,CA,California,EN,El Norte,196,8920,3,3
5,-120.1950836,35.74110794,San Luis Obispo,CA,California,EN,El Norte,196,8921,3,4
4,-120.2008133,35.61505508,San Luis Obispo,CA,California,EN,El Norte,196,8922,3,5
6,-120.0919495,35.60932922,San Luis Obispo,CA,California,EN,El Norte,196,8923,3,6
7,-120.0919495,35.52338409,San Luis Obispo,CA,California,EN,El Norte,196,8924,3,7
8,-119.9945526,35.43743896,San Luis Obispo,CA,California,EN,El Norte,196,8925,3,8
9,-119.8742294,35.43743896,San Luis Obispo,CA,California,EN,El Norte,196,8926,3,9
10,-119.8742294,35.35149384,San Luis Obispo,CA,California,EN,El Norte,196,8927,3,10
11,-119.7997437,35.35149384,San Luis Obispo,CA,California,EN,El Norte,196,8928,3,11
12,-119.7997437,35.26555252,San Luis Obispo,CA,California,EN,El Norte,196,8929,3,12
13,-119.6679611,35.25409317,San Luis Obispo,CA,California,EN,El Norte,196,8930,3,13
14,-119.6565018,35.17961121,San Luis Obispo,CA,California,EN,El Norte,196,8931,3,14
15,-119.5590973,35.18533707,San Luis Obispo,CA,California,EN,El Norte,196,8932,3,15
16,-119.5476379,35.09366608,San Luis Obispo,CA,California,EN,El Norte,196,8933,3,16
17,-119.4846268,35.08220291,San Luis Obispo,CA,California,EN,El Norte,196,8934,3,17
18,-119.4674225,35.05928421,San Luis Obispo,CA,California,EN,El Norte,196,8935,3,18
19,-119.4674225,34.92750931,San Luis Obispo,CA,California,EN,El Norte,196,8936,3,19
20,-119.4674225,34.90459061,San Luis Obispo,CA,California,EN,El Norte,196,8937,3,20
21,-119.4674225,34.90459061,Santa Barbara,CA,California,EN,El Norte,198,9034,3,21
22,-119.4674225,34.90459061,Santa Barbara,CA,California,EN,El Norte,198,9083,3,22
23,-119.444519,34.89885712,Santa Barbara,CA,California,EN,El Norte,198,9035,3,23
24,-119.444519,34.89885712,Ventura,CA,California,EN,El Norte,212,9875,3,24
25,-119.392952,34.89885712,Ventura,CA,California,EN,El Norte,212,9876,3,25
26,-119.3872147,34.88167191,Ventura,CA,California,EN,El Norte,212,9877,3,26
27,-119.2840729,34.88167191,Ventura,CA,California,EN,El Norte,212,9878,3,27
28,-119.2840729,34.8587532,Ventura,CA,California,EN,El Norte,212,9879,3,28
29,-119.2439728,34.84729385,Ventura,CA,California,EN,El Norte,212,9880,3,29
30,-119.2439728,34.8129158,Ventura,CA,California,EN,El Norte,212,9881,3,30
31,-118.9460373,34.8129158,Ventura,CA,California,EN,El Norte,212,9882,3,31
32,-118.9345779,34.81864548,Ventura,CA,California,EN,El Norte,212,9883,3,32
33,-118.8944702,34.81864548,Los Angeles,CA,California,EN,El Norte,175,7827,3,33
34,-118.8944702,34.81864548,Los Angeles,CA,California,EN,El Norte,175,7877,3,34
35,-118.8944702,34.81864548,Ventura,CA,California,EN,El Norte,212,9851,3,35
36,-118.8944702,34.81864548,Ventura,CA,California,EN,El Norte,212,9884,3,36
51,-117.6511536,34.81864548,Los Angeles,CA,California,EN,El Norte,175,7828,3,37
48,-117.6626205,34.78426743,Los Angeles,CA,California,EN,El Norte,175,7829,3,38
49,-117.6626205,34.5608139,Los Angeles,CA,California,EN,El Norte,175,7830,3,39
52,-117.6511536,34.55508423,Los Angeles,CA,California,EN,El Norte,175,7831,3,40
50,-117.6568832,34.46340942,Los Angeles,CA,California,EN,El Norte,175,7832,3,41
53,-117.6454163,34.26860428,Los Angeles,CA,California,EN,El Norte,175,7833,3,42
42,-117.7370911,34.02223587,Los Angeles,CA,California,EN,El Norte,175,7834,3,43
41,-117.7657394,34.02796555,Los Angeles,CA,California,EN,El Norte,175,7835,3,44
37,-117.8001251,33.97639847,Los Angeles,CA,California,EN,El Norte,175,7836,3,45
38,-117.7886581,33.96493912,Los Angeles,CA,California,EN,El Norte,175,7837,3,46
39,-117.7886581,33.94202042,Los Angeles,CA,California,EN,El Norte,175,7838,3,47
40,-117.7886581,33.94202042,Orange,CA,California,EN,El Norte,186,8445,3,48
43,-117.6740799,33.88472366,Orange,CA,California,EN,El Norte,186,8410,3,49
44,-117.6740799,33.88472366,Orange,CA,California,EN,El Norte,186,8446,3,50
45,-117.6740799,33.88472366,Riverside,CA,California,EN,El Norte,189,8582,3,51
46,-117.6683426,33.90191269,Riverside,CA,California,EN,El Norte,189,8583,3,52
47,-117.6683426,33.91910172,Riverside,CA,California,EN,El Norte,189,8584,3,53
54,-117.6167755,33.92483139,Riverside,CA,California,EN,El Norte,189,8585,3,54
55,-117.6167755,33.96493912,Riverside,CA,California,EN,El Norte,189,8586,3,55
56,-117.5709457,33.98212814,Riverside,CA,California,EN,El Norte,189,8587,3,56
57,-117.5594788,34.03369141,Riverside,CA,California,EN,El Norte,189,8588,3,57
58,-117.3875961,34.03942108,Riverside,CA,California,EN,El Norte,189,8589,3,58
59,-117.3875961,34.02223587,Riverside,CA,California,EN,El Norte,189,8590,3,59
60,-117.2328873,34.02223587,Riverside,CA,California,EN,El Norte,189,8591,3,60
61,-117.2271652,34.01077271,Riverside,CA,California,EN,El Norte,189,8592,3,61
62,-116.9406815,34.01077271,Riverside,CA,California,EN,El Norte,189,8593,3,62
63,-116.9349594,34.03369141,Riverside,CA,California,EN,El Norte,189,8594,3,63
64,-116.3276138,34.03369141,Riverside,CA,California,EN,El Norte,189,8595,3,64
65,-116.1786499,34.02796555,Riverside,CA,California,EN,El Norte,189,8596,3,65
66,-115.3192215,34.03369141,Riverside,CA,California,EN,El Norte,189,8597,3,66
67,-115.3192215,34.07952881,Riverside,CA,California,EN,El Norte,189,8598,3,67
68,-114.4884262,34.07952881,Riverside,CA,California,EN,El Norte,189,8599,3,68
69,-114.4196701,34.07952881,La Paz,AZ,Arizona,EN,El Norte,3083,90990,3,69
70,-114.4196701,34.07952881,Riverside,CA,California,EN,El Norte,189,8600,3,70
71,-114.3967514,34.11390686,La Paz,AZ,Arizona,EN,El Norte,3083,90991,3,71
72,-114.2993469,34.15401077,La Paz,AZ,Arizona,EN,El Norte,3083,90992,3,72
73,-114.2305984,34.19984818,La Paz,AZ,Arizona,EN,El Norte,3083,90993,3,73
74,-114.1904907,34.24568558,La Paz,AZ,Arizona,EN,El Norte,3083,90994,3,74
76,-114.133194,34.2628746,La Paz,AZ,Arizona,EN,El Norte,3083,90995,3,75
75,-114.1389236,34.29725266,La Paz,AZ,Arizona,EN,El Norte,3083,90996,3,76
77,-114.0873566,34.29725266,La Paz,AZ,Arizona,EN,El Norte,3083,90997,3,77
78,-114.0243301,34.2628746,La Paz,AZ,Arizona,EN,El Norte,3083,90998,3,78
79,-113.9040146,34.25141907,La Paz,AZ,Arizona,EN,El Norte,3083,90999,3,79
80,-113.8696365,34.25714493,La Paz,AZ,Arizona,EN,El Norte,3083,91000,3,80
81,-113.8295288,34.23423004,La Paz,AZ,Arizona,EN,El Norte,3083,91001,3,81
82,-113.703476,34.2399559,La Paz,AZ,Arizona,EN,El Norte,3083,91002,3,82
83,-113.6748276,34.21131134,La Paz,AZ,Arizona,EN,El Norte,3083,91003,3,83
84,-113.5774231,34.23423004,La Paz,AZ,Arizona,EN,El Norte,3083,91004,3,84
85,-113.5716934,34.26860428,La Paz,AZ,Arizona,EN,El Norte,3083,91005,3,85
86,-113.525856,34.30871201,La Paz,AZ,Arizona,EN,El Norte,3083,91006,3,86
87,-113.4284515,34.30871201,La Paz,AZ,Arizona,EN,El Norte,3083,91007,3,87
88,-113.3768921,34.30298233,La Paz,AZ,Arizona,EN,El Norte,3083,91008,3,88
90,-113.3310547,34.32590103,La Paz,AZ,Arizona,EN,El Norte,3083,91009,3,89
89,-113.3310547,34.00504684,La Paz,AZ,Arizona,EN,El Norte,3083,90958,3,90
91,-113.3310547,34.00504684,La Paz,AZ,Arizona,EN,El Norte,3083,91010,3,91
92,-113.3310547,34.00504684,Maricopa,AZ,Arizona,EN,El Norte,74,3616,3,92
93,-113.1190567,34.00504684,Maricopa,AZ,Arizona,EN,El Norte,74,3617,3,93
94,-112.7409058,34.00504684,Maricopa,AZ,Arizona,EN,El Norte,74,3618,3,94
95,-112.2768097,33.87899399,Maricopa,AZ,Arizona,EN,El Norte,74,3619,3,95
96,-112.2596207,33.90764236,Maricopa,AZ,Arizona,EN,El Norte,74,3620,3,96
98,-112.2252426,33.92483139,Maricopa,AZ,Arizona,EN,El Norte,74,3621,3,97
97,-112.2309723,33.95920944,Maricopa,AZ,Arizona,EN,El Norte,74,3622,3,98
99,-112.1908646,33.97639847,Maricopa,AZ,Arizona,EN,El Norte,74,3623,3,99
100,-112.1450272,34.03942108,Maricopa,AZ,Arizona,EN,El Norte,74,3624,3,100
101,-111.8757401,34.02223587,Maricopa,AZ,Arizona,EN,El Norte,74,3625,3,101
102,-111.7210388,34.00504684,Maricopa,AZ,Arizona,EN,El Norte,74,3626,3,102
105,-111.4345627,33.99931717,Maricopa,AZ,Arizona,EN,El Norte,74,3627,3,103
106,-111.4345627,33.98212814,Maricopa,AZ,Arizona,EN,El Norte,74,3628,3,104
103,-111.4517517,33.95347977,Maricopa,AZ,Arizona,EN,El Norte,74,3629,3,105
104,-111.4460144,33.92483139,Maricopa,AZ,Arizona,EN,El Norte,74,3630,3,106
107,-111.4059143,33.91337204,Maricopa,AZ,Arizona,EN,El Norte,74,3631,3,107
108,-111.394455,33.88472366,Maricopa,AZ,Arizona,EN,El Norte,74,3632,3,108
109,-111.394455,33.85034561,Maricopa,AZ,Arizona,EN,El Norte,74,3633,3,109
113,-111.3715363,33.83315659,Maricopa,AZ,Arizona,EN,El Norte,74,3634,3,110
112,-111.3772659,33.79305267,Maricopa,AZ,Arizona,EN,El Norte,74,3636,3,111
110,-111.3887253,33.80450821,Maricopa,AZ,Arizona,EN,El Norte,74,3635,3,112
111,-111.3887253,33.75294495,Maricopa,AZ,Arizona,EN,El Norte,74,3637,3,113
114,-111.3486176,33.74721527,Maricopa,AZ,Arizona,EN,El Norte,74,3638,3,114
115,-111.3371582,33.69564819,Maricopa,AZ,Arizona,EN,El Norte,74,3640,3,115
116,-111.3314285,33.73002625,Maricopa,AZ,Arizona,EN,El Norte,74,3639,3,116
117,-111.3085098,33.68991852,Maricopa,AZ,Arizona,EN,El Norte,74,3641,3,117
118,-111.2684021,33.63835526,Maricopa,AZ,Arizona,EN,El Norte,74,3642,3,118
119,-111.2454834,33.62116241,Maricopa,AZ,Arizona,EN,El Norte,74,3643,3,119
120,-111.228302,33.61543655,Maricopa,AZ,Arizona,EN,El Norte,74,3644,3,120
121,-111.2111053,33.63262177,Maricopa,AZ,Arizona,EN,El Norte,74,3645,3,121
122,-111.2111053,33.64981079,Maricopa,AZ,Arizona,EN,El Norte,74,3646,3,122
123,-111.1881943,33.66699982,Maricopa,AZ,Arizona,EN,El Norte,74,3647,3,123
124,-111.1709976,33.67845917,Maricopa,AZ,Arizona,EN,El Norte,74,3648,3,124
125,-111.1652679,33.67845917,Maricopa,AZ,Arizona,EN,El Norte,74,3649,3,125
126,-111.0678711,33.5123024,Maricopa,AZ,Arizona,EN,El Norte,74,3650,3,126
127,-111.0564117,33.50084305,Maricopa,AZ,Arizona,EN,El Norte,74,3651,3,127
128,-111.0449524,33.46073532,Maricopa,AZ,Arizona,EN,El Norte,74,3652,3,128
129,-111.0449524,33.46073532,Pinal,AZ,Arizona,EN,El Norte,78,3860,3,129
130,-111.016304,33.43209076,Pinal,AZ,Arizona,EN,El Norte,78,3861,3,130
131,-110.9704666,33.3289566,Pinal,AZ,Arizona,EN,El Norte,78,3862,3,131
132,-110.9590073,33.27738953,Pinal,AZ,Arizona,EN,El Norte,78,3863,3,132
133,-110.9303589,33.24301147,Pinal,AZ,Arizona,EN,El Norte,78,3864,3,133
134,-110.7928467,32.9851799,Pinal,AZ,Arizona,EN,El Norte,78,3865,3,134
135,-110.7641983,32.9851799,Pinal,AZ,Arizona,EN,El Norte,78,3866,3,135
136,-110.7298279,33.01382828,Pinal,AZ,Arizona,EN,El Norte,78,3867,3,136
137,-110.7126312,33.08258438,Pinal,AZ,Arizona,EN,El Norte,78,3868,3,137
138,-110.6782532,33.09404373,Pinal,AZ,Arizona,EN,El Norte,78,3869,3,138
139,-110.6610641,33.11696243,Pinal,AZ,Arizona,EN,El Norte,78,3870,3,139
140,-110.6209564,33.14560699,Pinal,AZ,Arizona,EN,El Norte,78,3871,3,140
141,-110.5865784,33.14560699,Pinal,AZ,Arizona,EN,El Norte,78,3872,3,141
142,-110.5522079,33.16279984,Pinal,AZ,Arizona,EN,El Norte,78,3873,3,142
143,-110.5063705,33.1914444,Pinal,AZ,Arizona,EN,El Norte,78,3874,3,143
144,-110.4834518,33.1914444,Pinal,AZ,Arizona,EN,El Norte,78,3875,3,144
145,-110.4605331,33.20290375,Graham,AZ,Arizona,EN,El Norte,72,3563,3,145
146,-110.4605331,33.20290375,Pinal,AZ,Arizona,EN,El Norte,78,3838,3,146
147,-110.4605331,33.20290375,Pinal,AZ,Arizona,EN,El Norte,78,3876,3,147
151,-110.4204254,33.19717407,Graham,AZ,Arizona,EN,El Norte,72,3564,3,148
152,-110.4032364,33.19717407,Graham,AZ,Arizona,EN,El Norte,72,3565,3,149
150,-110.4376144,33.24874115,Graham,AZ,Arizona,EN,El Norte,72,3566,3,150
148,-110.4548035,33.28884506,Graham,AZ,Arizona,EN,El Norte,72,3567,3,151
149,-110.4490738,33.35760117,Graham,AZ,Arizona,EN,El Norte,72,3568,3,152
153,-110.4032364,33.40343857,Graham,AZ,Arizona,EN,El Norte,72,3569,3,153
154,-110.368866,33.40343857,Graham,AZ,Arizona,EN,El Norte,72,3570,3,154
155,-110.3516693,33.43781662,Graham,AZ,Arizona,EN,El Norte,72,3571,3,155
156,-110.3001022,33.43781662,Graham,AZ,Arizona,EN,El Norte,72,3572,3,156
157,-110.2370834,33.47219467,Graham,AZ,Arizona,EN,El Norte,72,3573,3,157
159,-110.0136261,33.47219467,Graham,AZ,Arizona,EN,El Norte,72,3574,3,158
158,-110.0136261,33.58678436,Graham,AZ,Arizona,EN,El Norte,72,3525,3,159
160,-110.0136261,33.58678436,Graham,AZ,Arizona,EN,El Norte,72,3575,3,160
161,-109.9735184,33.58678436,Graham,AZ,Arizona,EN,El Norte,72,3526,3,161
162,-109.9563293,33.57532883,Graham,AZ,Arizona,EN,El Norte,72,3527,3,162
163,-109.9219513,33.58678436,Graham,AZ,Arizona,EN,El Norte,72,3528,3,163
164,-109.8990326,33.55813599,Graham,AZ,Arizona,EN,El Norte,72,3529,3,164
165,-109.8875732,33.55241013,Graham,AZ,Arizona,EN,El Norte,72,3530,3,165
166,-109.8531952,33.54094696,Graham,AZ,Arizona,EN,El Norte,72,3531,3,166
167,-109.8360138,33.50084305,Graham,AZ,Arizona,EN,El Norte,72,3532,3,167
168,-109.8073578,33.50084305,Graham,AZ,Arizona,EN,El Norte,72,3533,3,168
169,-109.7959061,33.4893837,Graham,AZ,Arizona,EN,El Norte,72,3534,3,169
170,-109.7615204,33.4893837,Graham,AZ,Arizona,EN,El Norte,72,3535,3,170
171,-109.7328796,33.50657272,Graham,AZ,Arizona,EN,El Norte,72,3536,3,171
172,-109.7271423,33.5352211,Graham,AZ,Arizona,EN,El Norte,72,3537,3,172
173,-109.6813049,33.55241013,Graham,AZ,Arizona,EN,El Norte,72,3538,3,173
174,-109.6583939,33.59824371,Graham,AZ,Arizona,EN,El Norte,72,3539,3,174
175,-109.5667191,33.62689209,Graham,AZ,Arizona,EN,El Norte,72,3540,3,175
176,-109.5266113,33.63262177,Graham,AZ,Arizona,EN,El Norte,72,3541,3,176
177,-109.5208817,33.64408112,Graham,AZ,Arizona,EN,El Norte,72,3542,3,177
178,-109.5037003,33.64981079,Graham,AZ,Arizona,EN,El Norte,72,3543,3,178
179,-109.5037003,33.64981079,Greenlee,AZ,Arizona,EN,El Norte,73,3593,3,179
180,-109.4807739,33.65554047,Greenlee,AZ,Arizona,EN,El Norte,73,3594,3,180
181,-109.4807739,33.67845917,Greenlee,AZ,Arizona,EN,El Norte,73,3595,3,181
182,-109.4463959,33.71283722,Greenlee,AZ,Arizona,EN,El Norte,73,3596,3,182
183,-109.4062881,33.71856689,Greenlee,AZ,Arizona,EN,El Norte,73,3597,3,183
184,-109.3604507,33.73002625,Greenlee,AZ,Arizona,EN,El Norte,73,3598,3,184
185,-109.3604507,33.75294495,Greenlee,AZ,Arizona,EN,El Norte,73,3599,3,185
186,-109.3489914,33.77013397,Greenlee,AZ,Arizona,EN,El Norte,73,3600,3,186
187,-109.3260803,33.78159332,Greenlee,AZ,Arizona,EN,El Norte,73,3601,3,187
188,-109.2917023,33.77586365,Greenlee,AZ,Arizona,EN,El Norte,73,3602,3,188
189,-109.1656494,33.77586365,Greenlee,AZ,Arizona,EN,El Norte,73,3603,3,189
190,-109.0567856,33.77586365,Greenlee,AZ,Arizona,EN,El Norte,73,3604,3,190
191,-109.0510635,33.20290375,Grant,NM,New Mexico,EN,El Norte,1771,52224,3,191
192,-109.0510635,33.20290375,Greenlee,AZ,Arizona,EN,El Norte,73,3605,3,192
193,-108.9250107,33.20863342,Grant,NM,New Mexico,EN,El Norte,1771,52225,3,193
194,-108.5411224,33.20863342,Grant,NM,New Mexico,EN,El Norte,1771,52226,3,194
195,-108.1457901,33.20290375,Grant,NM,New Mexico,EN,El Norte,1771,52227,3,195
196,-108.0140076,33.19717407,Grant,NM,New Mexico,EN,El Norte,1771,52228,3,196
200,-107.8421173,33.19717407,Grant,NM,New Mexico,EN,El Norte,1771,52229,3,197
197,-107.8535767,33.15706635,Grant,NM,New Mexico,EN,El Norte,1771,52230,3,198
201,-107.8421173,33.11696243,Grant,NM,New Mexico,EN,El Norte,1771,52231,3,199
199,-107.847847,33.05966568,Grant,NM,New Mexico,EN,El Norte,1771,52232,3,200
198,-107.8535767,33.00236893,Grant,NM,New Mexico,EN,El Norte,1771,52233,3,201
202,-107.8249283,32.9622612,Grant,NM,New Mexico,EN,El Norte,1771,52234,3,202
203,-107.7848206,32.94507217,Grant,NM,New Mexico,EN,El Norte,1771,52235,3,203
205,-107.7733612,32.92215347,Grant,NM,New Mexico,EN,El Norte,1771,52236,3,204
204,-107.7848206,32.87059021,Grant,NM,New Mexico,EN,El Norte,1771,52237,3,205
207,-107.7275238,32.76745605,Grant,NM,New Mexico,EN,El Norte,1771,52238,3,206
208,-107.7275238,32.73880768,Grant,NM,New Mexico,EN,El Norte,1771,52239,3,207
206,-107.7504425,32.69869995,Grant,NM,New Mexico,EN,El Norte,1771,52240,3,208
209,-107.7275238,32.64713669,Grant,NM,New Mexico,EN,El Norte,1771,52241,3,209
210,-107.7160645,32.62421799,Grant,NM,New Mexico,EN,El Norte,1771,52242,3,210
211,-107.6931534,32.59556961,Grant,NM,New Mexico,EN,El Norte,1771,52243,3,211
212,-107.6931534,32.59556961,Luna,NM,New Mexico,EN,El Norte,1778,52422,3,212
213,-107.6931534,32.59556961,Luna,NM,New Mexico,EN,El Norte,1778,52439,3,213
228,-107.3092651,32.59556961,Do_a Ana,NM,New Mexico,EN,El Norte,1769,52182,3,214
230,-107.3092651,32.59556961,Do_a Ana,NM,New Mexico,EN,El Norte,1769,52207,3,215
231,-107.3092651,32.59556961,Luna,NM,New Mexico,EN,El Norte,1778,52423,3,216
229,-107.3092651,32.76745605,Do_a Ana,NM,New Mexico,EN,El Norte,1769,52183,3,217
248,-106.8852768,32.76745605,Do_a Ana,NM,New Mexico,EN,El Norte,1769,52184,3,218
249,-106.8852768,32.81902313,Do_a Ana,NM,New Mexico,EN,El Norte,1769,52185,3,219
265,-106.4555588,33.00236893,Do_a Ana,NM,New Mexico,EN,El Norte,1769,52186,3,220
273,-106.3581543,33.05966568,Do_a Ana,NM,New Mexico,EN,El Norte,1769,52187,3,221
275,-106.3581543,33.05966568,Otero,NM,New Mexico,EN,El Norte,1781,52517,3,222
274,-106.3581543,33.38051987,Lincoln,NM,New Mexico,EN,El Norte,1776,52376,3,223
276,-106.3581543,33.38051987,Otero,NM,New Mexico,EN,El Norte,1781,52518,3,224
270,-106.3753433,33.38625336,Lincoln,NM,New Mexico,EN,El Norte,1776,52377,3,225
271,-106.3753433,33.47792435,Lincoln,NM,New Mexico,EN,El Norte,1776,52378,3,226
272,-106.3696136,33.64981079,Lincoln,NM,New Mexico,EN,El Norte,1776,52379,3,227
299,-106.0544815,33.64981079,Lincoln,NM,New Mexico,EN,El Norte,1776,52380,3,228
305,-106.0487595,33.82170105,Lincoln,NM,New Mexico,EN,El Norte,1776,52381,3,229
307,-105.9398956,33.82170105,Lincoln,NM,New Mexico,EN,El Norte,1776,52382,3,230
308,-105.9398956,34.13682556,Lincoln,NM,New Mexico,EN,El Norte,1776,52383,3,231
309,-105.9398956,34.25141907,Lincoln,NM,New Mexico,EN,El Norte,1776,52384,3,232
310,-105.9398956,34.25141907,Torrance,NM,New Mexico,EN,El Norte,1792,52869,3,233
295,-106.1690826,34.25714493,Torrance,NM,New Mexico,EN,El Norte,1792,52870,3,234
267,-106.4211807,34.25141907,Torrance,NM,New Mexico,EN,El Norte,1792,52871,3,235
268,-106.4211807,34.41184616,Torrance,NM,New Mexico,EN,El Norte,1792,52872,3,236
269,-106.4211807,34.41184616,Valencia,NM,New Mexico,EN,El Norte,3082,90953,3,237
266,-106.4498291,34.41184616,Valencia,NM,New Mexico,EN,El Norte,3082,90954,3,238
251,-106.7592239,34.57227325,Valencia,NM,New Mexico,EN,El Norte,3082,90955,3,239
234,-107.206131,34.57227325,Valencia,NM,New Mexico,EN,El Norte,3082,90940,3,240
235,-107.206131,34.57227325,Valencia,NM,New Mexico,EN,El Norte,3082,90956,3,241
236,-107.2004089,34.95615387,Valencia,NM,New Mexico,EN,El Norte,3082,90941,3,242
237,-107.0858078,34.95615387,Bernalillo,NM,New Mexico,EN,El Norte,1763,52061,3,243
238,-107.0858078,34.95615387,Valencia,NM,New Mexico,EN,El Norte,3082,90942,3,244
233,-107.2175903,35.21971512,Bernalillo,NM,New Mexico,EN,El Norte,1763,52062,3,245
283,-106.2435684,35.21971512,Bernalillo,NM,New Mexico,EN,El Norte,1763,52051,3,246
284,-106.2435684,35.21971512,Bernalillo,NM,New Mexico,EN,El Norte,1763,52063,3,247
286,-106.2435684,35.21971512,Santa Fe,NM,New Mexico,EN,El Norte,1788,52743,3,248
280,-106.2492981,35.74110794,Santa Fe,NM,New Mexico,EN,El Norte,1788,52744,3,249
287,-106.2263718,35.75829697,Santa Fe,NM,New Mexico,EN,El Norte,1788,52745,3,250
289,-106.2091904,35.76402664,Santa Fe,NM,New Mexico,EN,El Norte,1788,52746,3,251
290,-106.2034607,35.78694534,Santa Fe,NM,New Mexico,EN,El Norte,1788,52747,3,252
293,-106.1748047,35.80413055,Santa Fe,NM,New Mexico,EN,El Norte,1788,52748,3,253
294,-106.1748047,35.82131958,Santa Fe,NM,New Mexico,EN,El Norte,1788,52749,3,254
292,-106.1919937,35.82704926,Santa Fe,NM,New Mexico,EN,El Norte,1788,52750,3,255
291,-106.2034607,35.81559372,Santa Fe,NM,New Mexico,EN,El Norte,1788,52751,3,256
288,-106.2263718,35.82704926,Santa Fe,NM,New Mexico,EN,El Norte,1788,52752,3,257
281,-106.2492981,35.82704926,Santa Fe,NM,New Mexico,EN,El Norte,1788,52753,3,258
278,-106.2492981,35.93018341,Rio Arriba,NM,New Mexico,EN,El Norte,1783,52594,3,259
282,-106.2492981,35.93018341,Santa Fe,NM,New Mexico,EN,El Norte,1788,52754,3,260
285,-106.2435684,35.95883179,Rio Arriba,NM,New Mexico,EN,El Norte,1783,52595,3,261
279,-106.2492981,35.98747635,Rio Arriba,NM,New Mexico,EN,El Norte,1783,52596,3,262
247,-106.8910065,35.99320984,Rio Arriba,NM,New Mexico,EN,El Norte,1783,52597,3,263
245,-106.8967361,36.19947433,Rio Arriba,NM,New Mexico,EN,El Norte,1783,52598,3,264
214,-107.6415787,36.19947433,Rio Arriba,NM,New Mexico,EN,El Norte,1783,52599,3,265
215,-107.6415787,36.27968597,Rio Arriba,NM,New Mexico,EN,El Norte,1783,52600,3,266
216,-107.6415787,36.3427124,Rio Arriba,NM,New Mexico,EN,El Norte,1783,52601,3,267
217,-107.6415787,36.65784073,Rio Arriba,NM,New Mexico,EN,El Norte,1783,52602,3,268
218,-107.6243896,36.6635704,Rio Arriba,NM,New Mexico,EN,El Norte,1783,52603,3,269
219,-107.6243896,36.8010788,Rio Arriba,NM,New Mexico,EN,El Norte,1783,52604,3,270
220,-107.6014786,36.8010788,Rio Arriba,NM,New Mexico,EN,El Norte,1783,52605,3,271
221,-107.6014786,36.8239975,Rio Arriba,NM,New Mexico,EN,El Norte,1783,52606,3,272
222,-107.5098038,36.86410522,Rio Arriba,NM,New Mexico,EN,El Norte,1783,52607,3,273
223,-107.4639664,36.89274979,Rio Arriba,NM,New Mexico,EN,El Norte,1783,52608,3,274
225,-107.4524994,36.90994263,Rio Arriba,NM,New Mexico,EN,El Norte,1783,52609,3,275
224,-107.4639664,36.93858719,Rio Arriba,NM,New Mexico,EN,El Norte,1783,52610,3,276
226,-107.4467773,36.96723938,Rio Arriba,NM,New Mexico,EN,El Norte,1783,52611,3,277
227,-107.4410477,36.98442459,Rio Arriba,NM,New Mexico,EN,El Norte,1783,52612,3,278
232,-107.2748871,36.99588394,Rio Arriba,NM,New Mexico,EN,El Norte,1783,52613,3,279
244,-106.9081955,36.98442459,Rio Arriba,NM,New Mexico,EN,El Norte,1783,52614,3,280
257,-106.598793,36.98442459,Rio Arriba,NM,New Mexico,EN,El Norte,1783,52615,3,281
262,-106.4727478,36.98442459,Rio Arriba,NM,New Mexico,EN,El Norte,1783,52565,3,282
263,-106.4727478,36.98442459,Rio Arriba,NM,New Mexico,EN,El Norte,1783,52616,3,283
264,-106.4727478,36.98442459,Conejos,CO,Colorado,EN,El Norte,225,10223,3,284
261,-106.5128555,37.05318069,Conejos,CO,Colorado,EN,El Norte,225,10224,3,285
258,-106.5930634,37.15631485,Conejos,CO,Colorado,EN,El Norte,225,10225,3,286
256,-106.6045303,37.21360779,Conejos,CO,Colorado,EN,El Norte,225,10226,3,287
255,-106.6790085,37.24225616,Conejos,CO,Colorado,EN,El Norte,225,10227,3,288
254,-106.6847382,37.38549423,Conejos,CO,Colorado,EN,El Norte,225,10228,3,289
302,-106.0544815,37.39122391,Alamosa,CO,Colorado,EN,El Norte,216,10027,3,290
303,-106.0544815,37.39122391,Conejos,CO,Colorado,EN,El Norte,225,10229,3,291
300,-106.0544815,37.39122391,Alamosa,CO,Colorado,EN,El Norte,216,10018,3,292
301,-106.0544815,37.73500061,Alamosa,CO,Colorado,EN,El Norte,216,10019,3,293
304,-106.0544815,37.73500061,Saguache,CO,Colorado,EN,El Norte,269,11473,3,294
260,-106.5873337,37.74645996,Saguache,CO,Colorado,EN,El Norte,269,11474,3,295
259,-106.5930634,37.83813095,Saguache,CO,Colorado,EN,El Norte,269,11475,3,296
252,-106.6962051,37.83240509,Saguache,CO,Colorado,EN,El Norte,269,11476,3,297
253,-106.6962051,37.87251282,Saguache,CO,Colorado,EN,El Norte,269,11477,3,298
250,-106.8566284,37.92407608,Saguache,CO,Colorado,EN,El Norte,269,11478,3,299
246,-106.8967361,37.96991348,Saguache,CO,Colorado,EN,El Norte,269,11479,3,300
242,-106.9654922,37.96418381,Saguache,CO,Colorado,EN,El Norte,269,11481,3,301
243,-106.9368439,37.95272446,Saguache,CO,Colorado,EN,El Norte,269,11480,3,302
239,-107.0055923,37.94699478,Saguache,CO,Colorado,EN,El Norte,269,11482,3,303
240,-107.0055923,38.14179993,Saguache,CO,Colorado,EN,El Norte,269,11483,3,304
241,-106.9998627,38.41109085,Saguache,CO,Colorado,EN,El Norte,269,11484,3,305
277,-106.2664795,38.4225502,Saguache,CO,Colorado,EN,El Norte,269,11485,3,306
296,-106.1518936,38.41682053,Saguache,CO,Colorado,EN,El Norte,269,11486,3,307
297,-106.0945892,38.42827988,Saguache,CO,Colorado,EN,El Norte,269,11487,3,308
298,-106.0602188,38.45692444,Saguache,CO,Colorado,EN,El Norte,269,11488,3,309
306,-106.0373001,38.4454689,Saguache,CO,Colorado,EN,El Norte,269,11489,3,310
311,-105.7909317,38.24493408,Saguache,CO,Colorado,EN,El Norte,269,11490,3,311
312,-105.7794647,38.22201538,Saguache,CO,Colorado,EN,El Norte,269,11491,3,312
313,-105.722168,38.18763733,Saguache,CO,Colorado,EN,El Norte,269,11492,3,313
314,-105.6877899,38.13034058,Saguache,CO,Colorado,EN,El Norte,269,11493,3,314
315,-105.6820602,38.08450317,Saguache,CO,Colorado,EN,El Norte,269,11494,3,315
317,-105.6018448,38.02720642,Saguache,CO,Colorado,EN,El Norte,269,11495,3,316
316,-105.6133118,38.00428772,Saguache,CO,Colorado,EN,El Norte,269,11496,3,317
318,-105.5846634,37.96991348,Saguache,CO,Colorado,EN,El Norte,269,11497,3,318
319,-105.5445557,37.94699478,Saguache,CO,Colorado,EN,El Norte,269,11498,3,319
321,-105.4929886,37.90688705,Saguache,CO,Colorado,EN,El Norte,269,11499,3,320
325,-105.4815292,37.88396835,Saguache,CO,Colorado,EN,El Norte,269,11500,3,321
326,-105.4700699,37.86677933,Saguache,CO,Colorado,EN,El Norte,269,11501,3,322
332,-105.4528809,37.84959412,Saguache,CO,Colorado,EN,El Norte,269,11502,3,323
333,-105.4528809,37.79229736,Saguache,CO,Colorado,EN,El Norte,269,11503,3,324
331,-105.4586105,37.77510834,Saguache,CO,Colorado,EN,El Norte,269,11504,3,325
328,-105.4643402,37.73500061,Saguache,CO,Colorado,EN,El Norte,269,11472,3,326
329,-105.4643402,37.73500061,Saguache,CO,Colorado,EN,El Norte,269,11505,3,327
327,-105.4643402,37.73500061,Alamosa,CO,Colorado,EN,El Norte,216,10020,3,328
330,-105.4586105,37.71781158,Alamosa,CO,Colorado,EN,El Norte,216,10021,3,329
324,-105.4815292,37.69489288,Alamosa,CO,Colorado,EN,El Norte,216,10022,3,330
320,-105.4987183,37.5974884,Alamosa,CO,Colorado,EN,El Norte,216,10023,3,331
322,-105.4872589,37.56311417,Alamosa,CO,Colorado,EN,El Norte,216,10024,3,332
323,-105.4872589,37.56311417,Costilla,CO,Colorado,EN,El Norte,226,10266,3,333
334,-105.4414215,37.59175873,Costilla,CO,Colorado,EN,El Norte,226,10267,3,334
335,-105.4299698,37.6204071,Costilla,CO,Colorado,EN,El Norte,226,10268,3,335
336,-105.2924576,37.6490593,Costilla,CO,Colorado,EN,El Norte,226,10269,3,336
338,-105.1893158,37.60322189,Costilla,CO,Colorado,EN,El Norte,226,10270,3,337
337,-105.2007828,37.56311417,Costilla,CO,Colorado,EN,El Norte,226,10271,3,338
339,-105.1721344,37.53446579,Costilla,CO,Colorado,EN,El Norte,226,10272,3,339
340,-105.160675,37.44852066,Costilla,CO,Colorado,EN,El Norte,226,10273,3,340
344,-105.1377563,37.4427948,Costilla,CO,Colorado,EN,El Norte,226,10274,3,341
345,-105.126297,37.39122391,Costilla,CO,Colorado,EN,El Norte,226,10275,3,342
341,-105.160675,37.37976837,Costilla,CO,Colorado,EN,El Norte,226,10276,3,343
342,-105.160675,37.27663422,Costilla,CO,Colorado,EN,El Norte,226,10277,3,344
343,-105.160675,37.27663422,Las Animas,CO,Colorado,EN,El Norte,250,11006,3,345
346,-105.0861893,37.31674194,Las Animas,CO,Colorado,EN,El Norte,250,11007,3,346
353,-104.9200287,37.39122391,Las Animas,CO,Colorado,EN,El Norte,250,11008,3,347
354,-104.8398209,37.38549423,Las Animas,CO,Colorado,EN,El Norte,250,11009,3,348
355,-104.7194977,37.41414261,Las Animas,CO,Colorado,EN,El Norte,250,11010,3,349
357,-104.6851196,37.4427948,Las Animas,CO,Colorado,EN,El Norte,250,11011,3,350
356,-104.696579,37.4657135,Las Animas,CO,Colorado,EN,El Norte,250,11012,3,351
358,-104.67939,37.48289871,Las Animas,CO,Colorado,EN,El Norte,250,11013,3,352
360,-104.6335526,37.50008774,Las Animas,CO,Colorado,EN,El Norte,250,11014,3,353
361,-104.6220932,37.51727676,Las Animas,CO,Colorado,EN,El Norte,250,11015,3,354
362,-104.5590668,37.56311417,Las Animas,CO,Colorado,EN,El Norte,250,11016,3,355
363,-104.5418777,37.61467743,Las Animas,CO,Colorado,EN,El Norte,250,11017,3,356
365,-104.4387512,37.73500061,Las Animas,CO,Colorado,EN,El Norte,250,11018,3,357
364,-104.4444809,37.75791931,Las Animas,CO,Colorado,EN,El Norte,250,11019,3,358
383,-104.3356171,37.80948639,Las Animas,CO,Colorado,EN,El Norte,250,11020,3,359
384,-104.3356171,37.80948639,Pueblo,CO,Colorado,EN,El Norte,265,11401,3,360
359,-104.6392822,37.90115738,Pueblo,CO,Colorado,EN,El Norte,265,11402,3,361
350,-105.0059738,37.88396835,Pueblo,CO,Colorado,EN,El Norte,265,11403,3,362
347,-105.0518112,37.91261673,Pueblo,CO,Colorado,EN,El Norte,265,11394,3,363
349,-105.0518112,37.91261673,Pueblo,CO,Colorado,EN,El Norte,265,11404,3,364
348,-105.0518112,38.25639343,Pueblo,CO,Colorado,EN,El Norte,265,11395,3,365
351,-104.9314957,38.25639343,Pueblo,CO,Colorado,EN,El Norte,265,11396,3,366
352,-104.9314957,38.51422501,Pueblo,CO,Colorado,EN,El Norte,265,11397,3,367
396,-104.0491333,38.51422501,Pueblo,CO,Colorado,EN,El Norte,265,11398,3,368
397,-104.0491333,38.14179993,Pueblo,CO,Colorado,EN,El Norte,265,11399,3,369
395,-104.0491333,38.14179993,Otero,CO,Colorado,EN,El Norte,259,11228,3,370
406,-103.9861145,38.14179993,Otero,CO,Colorado,EN,El Norte,259,11229,3,371
422,-103.8371429,38.12461472,Otero,CO,Colorado,EN,El Norte,259,11230,3,372
428,-103.8084946,38.11315155,Otero,CO,Colorado,EN,El Norte,259,11231,3,373
452,-103.6194229,38.11315155,Otero,CO,Colorado,EN,El Norte,259,11232,3,374
453,-103.6194229,38.1704483,Otero,CO,Colorado,EN,El Norte,259,11233,3,375
457,-103.5162811,38.16471863,Otero,CO,Colorado,EN,El Norte,259,11234,3,376
458,-103.5162811,38.25639343,Otero,CO,Colorado,EN,El Norte,259,11235,3,377
460,-103.5105515,38.25639343,Otero,CO,Colorado,EN,El Norte,259,11236,3,378
469,-103.4074249,38.25639343,Otero,CO,Colorado,EN,El Norte,259,11237,3,379
467,-103.4131546,37.63186646,Las Animas,CO,Colorado,EN,El Norte,250,11023,3,380
468,-103.4131546,37.63186646,Otero,CO,Colorado,EN,El Norte,259,11238,3,381
476,-103.0865707,37.63186646,Las Animas,CO,Colorado,EN,El Norte,250,11024,3,382
475,-103.0865707,36.99588394,Las Animas,CO,Colorado,EN,El Norte,250,10987,3,383
477,-103.0865707,36.99588394,Las Animas,CO,Colorado,EN,El Norte,250,11025,3,384
474,-103.1667862,36.98442459,Las Animas,CO,Colorado,EN,El Norte,250,10988,3,385
470,-103.3902359,36.98442459,Las Animas,CO,Colorado,EN,El Norte,250,10989,3,386
449,-103.6366043,36.98442459,Las Animas,CO,Colorado,EN,El Norte,250,10990,3,387
417,-103.877243,36.98442459,Las Animas,CO,Colorado,EN,El Norte,250,10991,3,388
399,-104.0147552,36.98442459,Colfax,NM,New Mexico,EN,El Norte,1766,52142,3,389
403,-104.0147552,36.98442459,Las Animas,CO,Colorado,EN,El Norte,250,10992,3,390
400,-104.0147552,36.88129425,Colfax,NM,New Mexico,EN,El Norte,1766,52143,3,391
404,-104.0090256,36.51460266,Colfax,NM,New Mexico,EN,El Norte,1766,52144,3,392
398,-104.0147552,36.20520401,Colfax,NM,New Mexico,EN,El Norte,1766,52116,3,393
401,-104.0147552,36.20520401,Colfax,NM,New Mexico,EN,El Norte,1766,52145,3,394
366,-104.4330215,36.20520401,Colfax,NM,New Mexico,EN,El Norte,1766,52117,3,395
367,-104.4330215,36.20520401,Mora,NM,New Mexico,EN,El Norte,1780,52480,3,396
368,-104.4330215,36.18801498,Mora,NM,New Mexico,EN,El Norte,1780,52481,3,397
370,-104.4100952,36.15936661,Mora,NM,New Mexico,EN,El Norte,1780,52482,3,398
369,-104.4215546,36.13071823,Mora,NM,New Mexico,EN,El Norte,1780,52483,3,399
373,-104.3642578,36.03331375,Mora,NM,New Mexico,EN,El Norte,1780,52484,3,400
375,-104.3585358,36.00466919,Mora,NM,New Mexico,EN,El Norte,1780,52485,3,401
385,-104.3298798,35.98747635,Mora,NM,New Mexico,EN,El Norte,1780,52486,3,402
381,-104.3413467,35.98175049,Mora,NM,New Mexico,EN,El Norte,1780,52487,3,403
379,-104.3528061,35.94737244,Mora,NM,New Mexico,EN,El Norte,1780,52489,3,404
386,-104.3241501,35.94737244,Mora,NM,New Mexico,EN,El Norte,1780,52488,3,405
382,-104.3356171,35.90726471,Mora,NM,New Mexico,EN,El Norte,1780,52490,3,406
374,-104.3642578,35.88434601,Mora,NM,New Mexico,EN,El Norte,1780,52491,3,407
371,-104.3757172,35.84996796,Mora,NM,New Mexico,EN,El Norte,1780,52492,3,408
380,-104.3528061,35.83278275,Mora,NM,New Mexico,EN,El Norte,1780,52493,3,409
372,-104.3699875,35.81559372,Mora,NM,New Mexico,EN,El Norte,1780,52494,3,410
376,-104.3585358,35.80986404,Mora,NM,New Mexico,EN,El Norte,1780,52495,3,411
377,-104.3585358,35.77548599,Mora,NM,New Mexico,EN,El Norte,1780,52496,3,412
378,-104.3585358,35.77548599,San Miguel,NM,New Mexico,EN,El Norte,1787,52721,3,413
387,-104.2382126,35.77548599,San Miguel,NM,New Mexico,EN,El Norte,1787,52722,3,414
405,-104.0090256,35.78121185,San Miguel,NM,New Mexico,EN,El Norte,1787,52723,3,415
407,-103.9689178,35.79840469,San Miguel,NM,New Mexico,EN,El Norte,1787,52724,3,416
435,-103.7225494,35.42024994,San Miguel,NM,New Mexico,EN,El Norte,1787,52725,3,417
446,-103.6366043,35.42024994,San Miguel,NM,New Mexico,EN,El Norte,1787,52726,3,418
447,-103.6366043,35.38014603,San Miguel,NM,New Mexico,EN,El Norte,1787,52727,3,419
448,-103.6366043,35.23690414,San Miguel,NM,New Mexico,EN,El Norte,1787,52728,3,420
419,-103.8600616,35.23690414,San Miguel,NM,New Mexico,EN,El Norte,1787,52729,3,421
418,-103.8657913,35.24836349,San Miguel,NM,New Mexico,EN,El Norte,1787,52730,3,422
402,-104.0147552,35.17961121,San Miguel,NM,New Mexico,EN,El Norte,1787,52731,3,423
392,-104.1178894,35.13950348,Guadalupe,NM,New Mexico,EN,El Norte,1772,52270,3,424
393,-104.1178894,35.13950348,San Miguel,NM,New Mexico,EN,El Norte,1787,52698,3,425
394,-104.1178894,35.13950348,San Miguel,NM,New Mexico,EN,El Norte,1787,52732,3,426
388,-104.1236191,34.77280807,De Baca,NM,New Mexico,EN,El Norte,1768,52162,3,427
390,-104.1236191,34.77280807,De Baca,NM,New Mexico,EN,El Norte,1768,52180,3,428
391,-104.1236191,34.77280807,Guadalupe,NM,New Mexico,EN,El Norte,1772,52271,3,429
389,-104.1236191,34.61811066,De Baca,NM,New Mexico,EN,El Norte,1768,52163,3,430
412,-103.9460068,34.61238098,De Baca,NM,New Mexico,EN,El Norte,1768,52164,3,431
410,-103.9460068,34.07379913,Chaves,NM,New Mexico,EN,El Norte,1765,52085,3,432
411,-103.9460068,34.07379913,Chaves,NM,New Mexico,EN,El Norte,1765,52114,3,433
413,-103.9460068,34.07379913,De Baca,NM,New Mexico,EN,El Norte,1768,52165,3,434
423,-103.8314056,34.07379913,Chaves,NM,New Mexico,EN,El Norte,1765,52086,3,435
421,-103.8371429,33.82170105,Chaves,NM,New Mexico,EN,El Norte,1765,52087,3,436
441,-103.7053604,33.81023788,Chaves,NM,New Mexico,EN,El Norte,1765,52088,3,437
442,-103.7053604,33.64981079,Chaves,NM,New Mexico,EN,El Norte,1765,52089,3,438
461,-103.5048218,33.64981079,Chaves,NM,New Mexico,EN,El Norte,1765,52090,3,439
459,-103.5105515,33.55813599,Chaves,NM,New Mexico,EN,El Norte,1765,52091,3,440
440,-103.7110901,33.56386566,Chaves,NM,New Mexico,EN,El Norte,1765,52092,3,441
434,-103.7225494,33.38625336,Chaves,NM,New Mexico,EN,El Norte,1765,52093,3,442
432,-103.7511978,33.38051987,Chaves,NM,New Mexico,EN,El Norte,1765,52094,3,443
431,-103.7569275,32.95653534,Chaves,NM,New Mexico,EN,El Norte,1765,52095,3,444
425,-103.8084946,32.95653534,Chaves,NM,New Mexico,EN,El Norte,1765,52096,3,445
426,-103.8084946,32.95653534,Eddy,NM,New Mexico,EN,El Norte,1770,52216,3,446
429,-103.8027649,32.83620834,Eddy,NM,New Mexico,EN,El Norte,1770,52217,3,447
427,-103.8084946,32.52681732,Eddy,NM,New Mexico,EN,El Norte,1770,52218,3,448
437,-103.7168198,32.52108383,Eddy,NM,New Mexico,EN,El Norte,1770,52219,3,449
438,-103.7168198,32.13147354,Eddy,NM,New Mexico,EN,El Norte,1770,52220,3,450
436,-103.7168198,31.99396133,Eddy,NM,New Mexico,EN,El Norte,1770,52209,3,451
439,-103.7168198,31.99396133,Eddy,NM,New Mexico,EN,El Norte,1770,52221,3,452
408,-103.9631882,31.99396133,Eddy,NM,New Mexico,EN,El Norte,1770,52210,3,453
409,-103.9631882,31.99396133,Reeves,TX,Texas,EN,El Norte,2687,78088,3,454
414,-103.9460068,31.95385551,Reeves,TX,Texas,EN,El Norte,2687,78089,3,455
415,-103.9116211,31.90229034,Reeves,TX,Texas,EN,El Norte,2687,78090,3,456
416,-103.88871,31.8679142,Reeves,TX,Texas,EN,El Norte,2687,78091,3,457
420,-103.8428726,31.89656067,Reeves,TX,Texas,EN,El Norte,2687,78092,3,458
424,-103.8142242,31.8449955,Reeves,TX,Texas,EN,El Norte,2687,78093,3,459
430,-103.7913055,31.78769684,Reeves,TX,Texas,EN,El Norte,2687,78094,3,460
433,-103.7454681,31.74759102,Reeves,TX,Texas,EN,El Norte,2687,78095,3,461
443,-103.6939011,31.74759102,Reeves,TX,Texas,EN,El Norte,2687,78096,3,462
444,-103.676712,31.73040199,Reeves,TX,Texas,EN,El Norte,2687,78097,3,463
445,-103.6480637,31.71894455,Reeves,TX,Texas,EN,El Norte,2687,78098,3,464
450,-103.6308746,31.70175552,Reeves,TX,Texas,EN,El Norte,2687,78099,3,465
451,-103.625145,31.66737556,Reeves,TX,Texas,EN,El Norte,2687,78100,3,466
454,-103.5907669,31.65591812,Reeves,TX,Texas,EN,El Norte,2687,78101,3,467
455,-103.5563889,31.64445686,Reeves,TX,Texas,EN,El Norte,2687,78102,3,468
456,-103.5162811,31.638731,Reeves,TX,Texas,EN,El Norte,2687,78103,3,469
463,-103.4990921,31.55851746,Reeves,TX,Texas,EN,El Norte,2687,78104,3,470
462,-103.5048218,31.51840973,Reeves,TX,Texas,EN,El Norte,2687,78105,3,471
464,-103.4819107,31.44965363,Reeves,TX,Texas,EN,El Norte,2687,78106,3,472
465,-103.4589844,31.43246651,Reeves,TX,Texas,EN,El Norte,2687,78107,3,473
466,-103.4188766,31.43819237,Reeves,TX,Texas,EN,El Norte,2687,78108,3,474
472,-103.2699127,31.43246651,Reeves,TX,Texas,EN,El Norte,2687,78110,3,475
471,-103.2985611,31.41527748,Reeves,TX,Texas,EN,El Norte,2687,78109,3,476
473,-103.246994,31.39808655,Reeves,TX,Texas,EN,El Norte,2687,78111,3,477
479,-103.0636444,31.39235878,Reeves,TX,Texas,EN,El Norte,2687,78113,3,478
478,-103.0808411,31.36944008,Reeves,TX,Texas,EN,El Norte,2687,78112,3,479
480,-103.0120773,31.36944008,Pecos,TX,Texas,EN,El Norte,2678,77895,3,480
481,-103.0120773,31.36944008,Reeves,TX,Texas,EN,El Norte,2687,78114,3,481
482,-102.9777069,31.35797882,Pecos,TX,Texas,EN,El Norte,2678,77896,3,482
483,-102.9318695,31.35797882,Pecos,TX,Texas,EN,El Norte,2678,77897,3,483
484,-102.834465,31.26630783,Pecos,TX,Texas,EN,El Norte,2678,77898,3,484
485,-102.7886276,31.28349495,Pecos,TX,Texas,EN,El Norte,2678,77899,3,485
486,-102.7542572,31.28349495,Pecos,TX,Texas,EN,El Norte,2678,77900,3,486
487,-102.7256012,31.28349495,Pecos,TX,Texas,EN,El Norte,2678,77901,3,487
488,-102.7256012,31.30068398,Pecos,TX,Texas,EN,El Norte,2678,77902,3,488
489,-102.6797638,31.32360268,Pecos,TX,Texas,EN,El Norte,2678,77903,3,489
490,-102.5995483,31.26630783,Pecos,TX,Texas,EN,El Norte,2678,77904,3,490
491,-102.4964218,31.26057625,Pecos,TX,Texas,EN,El Norte,2678,77905,3,491
492,-102.4162064,31.18609428,Pecos,TX,Texas,EN,El Norte,2678,77906,3,492
493,-102.4162064,31.14598656,Pecos,TX,Texas,EN,El Norte,2678,77907,3,493
494,-102.3990173,31.09441948,Pecos,TX,Texas,EN,El Norte,2678,77908,3,494
495,-102.3589096,31.06577301,Pecos,TX,Texas,EN,El Norte,2678,77909,3,495
496,-102.2729645,31.03139305,Pecos,TX,Texas,EN,El Norte,2678,77910,3,496
497,-102.2156754,31.03712463,Pecos,TX,Texas,EN,El Norte,2678,77911,3,497
499,-102.0437851,31.00274849,Pecos,TX,Texas,EN,El Norte,2678,77913,3,498
498,-102.0838928,30.97982979,Pecos,TX,Texas,EN,El Norte,2678,77912,3,499
500,-102.0265961,30.96264076,Pecos,TX,Texas,EN,El Norte,2678,77914,3,500
501,-101.9692993,30.96836853,Pecos,TX,Texas,EN,El Norte,2678,77915,3,501
502,-101.9291916,30.92253113,Pecos,TX,Texas,EN,El Norte,2678,77916,3,502
503,-101.8890839,30.91107368,Pecos,TX,Texas,EN,El Norte,2678,77917,3,503
504,-101.8890839,30.8824234,Pecos,TX,Texas,EN,El Norte,2678,77918,3,504
505,-101.808876,30.71053886,Pecos,TX,Texas,EN,El Norte,2678,77919,3,505
506,-101.7916794,30.68188858,Pecos,TX,Texas,EN,El Norte,2678,77920,3,506
510,-101.7401123,30.63032532,Pecos,TX,Texas,EN,El Norte,2678,77921,3,507
511,-101.7401123,30.63032532,Terrell,TX,Texas,EN,El Norte,2714,78586,3,508
512,-101.7401123,30.63032532,Terrell,TX,Texas,EN,El Norte,2714,78612,3,509
516,-101.6942749,30.63032532,Terrell,TX,Texas,EN,El Norte,2714,78587,3,510
520,-101.6427155,30.61886406,Terrell,TX,Texas,EN,El Norte,2714,78588,3,511
518,-101.6484375,30.60167503,Terrell,TX,Texas,EN,El Norte,2714,78589,3,512
521,-101.6369858,30.55011177,Terrell,TX,Texas,EN,El Norte,2714,78590,3,513
517,-101.6828232,30.45843697,Terrell,TX,Texas,EN,El Norte,2714,78591,3,514
514,-101.7114716,30.44697952,Terrell,TX,Texas,EN,El Norte,2714,78592,3,515
513,-101.7172012,30.41259956,Terrell,TX,Texas,EN,El Norte,2714,78593,3,516
519,-101.6484375,30.33811569,Terrell,TX,Texas,EN,El Norte,2714,78594,3,517
515,-101.7057343,30.32665443,Terrell,TX,Texas,EN,El Norte,2714,78595,3,518
507,-101.757309,30.26362991,Terrell,TX,Texas,EN,El Norte,2714,78596,3,519
508,-101.757309,30.26362991,Val Verde,TX,Texas,EN,El Norte,2725,78772,3,520
509,-101.757309,30.26362991,Val Verde,TX,Texas,EN,El Norte,2725,78822,3,521
522,-100.9666214,30.25790215,Val Verde,TX,Texas,EN,El Norte,2725,78773,3,522
523,-100.6973343,30.25217056,Edwards,TX,Texas,EN,El Norte,2560,75779,3,523
524,-100.6973343,30.25217056,Val Verde,TX,Texas,EN,El Norte,2725,78774,3,524
525,-100.112915,30.25790215,Edwards,TX,Texas,EN,El Norte,2560,75780,3,525
526,-99.7806015,30.25790215,Edwards,TX,Texas,EN,El Norte,2560,75781,3,526
527,-99.7806015,30.05736732,Edwards,TX,Texas,EN,El Norte,2560,75782,3,527
528,-99.7806015,30.05736732,Real,TX,Texas,EN,El Norte,2685,78042,3,528
529,-99.69465637,30.06309509,Real,TX,Texas,EN,El Norte,2685,78043,3,529
530,-99.69465637,29.8797493,Real,TX,Texas,EN,El Norte,2685,78044,3,530
535,-99.60298157,29.87401772,Real,TX,Texas,EN,El Norte,2685,78045,3,531
531,-99.60871124,29.61618805,Real,TX,Texas,EN,El Norte,2685,78028,3,532
532,-99.60871124,29.61618805,Real,TX,Texas,EN,El Norte,2685,78046,3,533
533,-99.60871124,29.61618805,Uvalde,TX,Texas,EN,El Norte,2724,78764,3,534
534,-99.60871124,29.61618805,Uvalde,TX,Texas,EN,El Norte,2724,78770,3,535
536,-99.40818024,29.61618805,Medina,TX,Texas,EN,El Norte,2655,77504,3,536
537,-99.40818024,29.61618805,Uvalde,TX,Texas,EN,El Norte,2724,78765,3,537
538,-99.28212738,29.62191963,Medina,TX,Texas,EN,El Norte,2655,77505,3,538
540,-98.97272491,29.62191963,Medina,TX,Texas,EN,El Norte,2655,77506,3,539
539,-98.97845459,29.56462097,Medina,TX,Texas,EN,El Norte,2655,77507,3,540
542,-98.95554352,29.5588932,Medina,TX,Texas,EN,El Norte,2655,77509,3,541
541,-98.96127319,29.54743195,Medina,TX,Texas,EN,El Norte,2655,77508,3,542
543,-98.92689514,29.5588932,Medina,TX,Texas,EN,El Norte,2655,77510,3,543
544,-98.85240936,29.65056419,Medina,TX,Texas,EN,El Norte,2655,77511,3,544
545,-98.81803131,29.67348289,Bexar,TX,Texas,EN,El Norte,2506,74780,3,545
546,-98.81803131,29.67348289,Medina,TX,Texas,EN,El Norte,2655,77512,3,546
547,-98.78365326,29.70785904,Bexar,TX,Texas,EN,El Norte,2506,74757,3,547
548,-98.78365326,29.70785904,Bexar,TX,Texas,EN,El Norte,2506,74781,3,548
549,-98.63468933,29.75369644,Bexar,TX,Texas,EN,El Norte,2506,74758,3,549
550,-98.54301453,29.7651577,Bexar,TX,Texas,EN,El Norte,2506,74759,3,550
551,-98.4570694,29.73650932,Bexar,TX,Texas,EN,El Norte,2506,74760,3,551
552,-98.42842102,29.75369644,Bexar,TX,Texas,EN,El Norte,2506,74761,3,552
553,-98.40550232,29.73650932,Bexar,TX,Texas,EN,El Norte,2506,74762,3,553
558,-98.34820557,29.73650932,Bexar,TX,Texas,EN,El Norte,2506,74763,3,554
555,-98.38258362,29.70785904,Bexar,TX,Texas,EN,El Norte,2506,74764,3,555
554,-98.39404297,29.67921448,Bexar,TX,Texas,EN,El Norte,2506,74765,3,556
556,-98.36539459,29.66202545,Bexar,TX,Texas,EN,El Norte,2506,74766,3,557
557,-98.35393524,29.63337708,Bexar,TX,Texas,EN,El Norte,2506,74767,3,558
559,-98.32528687,29.61618805,Bexar,TX,Texas,EN,El Norte,2506,74768,3,559
560,-98.30809784,29.59326935,Bexar,TX,Texas,EN,El Norte,2506,74769,3,560
561,-98.27944946,29.55316353,Bexar,TX,Texas,EN,El Norte,2506,74770,3,561
562,-98.23934174,29.54743195,Bexar,TX,Texas,EN,El Norte,2506,74771,3,562
564,-98.18205261,29.50159836,Bexar,TX,Texas,EN,El Norte,2506,74773,3,563
563,-98.19350433,29.47867966,Bexar,TX,Texas,EN,El Norte,2506,74772,3,564
565,-98.17058563,29.47867966,Bexar,TX,Texas,EN,El Norte,2506,74774,3,565
568,-98.13621521,29.47867966,Bexar,TX,Texas,EN,El Norte,2506,74775,3,566
570,-98.12474823,29.4672184,Bexar,TX,Texas,EN,El Norte,2506,74776,3,567
566,-98.14767456,29.421381,Bexar,TX,Texas,EN,El Norte,2506,74777,3,568
567,-98.14767456,29.421381,Wilson,TX,Texas,EN,El Norte,2739,79170,3,569
569,-98.13621521,29.39846611,Wilson,TX,Texas,EN,El Norte,2739,79171,3,570
571,-98.11901855,29.36408615,Wilson,TX,Texas,EN,El Norte,2739,79172,3,571
572,-98.09037781,29.38700485,Wilson,TX,Texas,EN,El Norte,2739,79173,3,572
573,-97.86692047,29.38700485,Wilson,TX,Texas,EN,El Norte,2739,79174,3,573
574,-97.85546112,29.35835648,Wilson,TX,Texas,EN,El Norte,2739,79175,3,574
575,-97.85546112,29.34116745,Wilson,TX,Texas,EN,El Norte,2739,79176,3,575
576,-97.78670502,29.27241516,Wilson,TX,Texas,EN,El Norte,2739,79177,3,576
577,-97.74086761,29.2151165,Karnes,TX,Texas,EN,El Norte,2620,76881,3,577
578,-97.74086761,29.2151165,Wilson,TX,Texas,EN,El Norte,2739,79178,3,578
579,-97.63201141,29.10052681,DeWitt,TX,Texas,EN,El Norte,2553,75719,3,579
580,-97.63201141,29.10052681,Karnes,TX,Texas,EN,El Norte,2620,76882,3,580
584,-97.24812317,29.37554741,DeWitt,TX,Texas,EN,El Norte,2553,75720,3,581
599,-96.98456573,29.08333778,DeWitt,TX,Texas,EN,El Norte,2553,75713,3,582
600,-96.98456573,29.08333778,DeWitt,TX,Texas,EN,El Norte,2553,75721,3,583
581,-97.3111496,28.85415459,DeWitt,TX,Texas,EN,El Norte,2553,75714,3,584
582,-97.3111496,28.85415459,Goliad,TX,Texas,EN,El Norte,2580,76127,3,585
583,-97.29969025,28.83696556,Goliad,TX,Texas,EN,El Norte,2580,76128,3,586
585,-97.21374512,28.85988426,Goliad,TX,Texas,EN,El Norte,2580,76129,3,587
588,-97.17363739,28.77394104,Goliad,TX,Texas,EN,El Norte,2580,76130,3,588
586,-97.18510437,28.61924171,Goliad,TX,Texas,EN,El Norte,2580,76131,3,589
591,-97.16790771,28.60205269,Goliad,TX,Texas,EN,El Norte,2580,76132,3,590
592,-97.15072632,28.56767654,Refugio,TX,Texas,EN,El Norte,2688,78126,3,591
587,-97.17363739,28.55621719,Goliad,TX,Texas,EN,El Norte,2580,76114,3,592
589,-97.17363739,28.55621719,Goliad,TX,Texas,EN,El Norte,2580,76133,3,593
590,-97.17363739,28.55621719,Refugio,TX,Texas,EN,El Norte,2688,78125,3,594
593,-97.13926697,28.54475784,Refugio,TX,Texas,EN,El Norte,2688,78127,3,595
594,-97.11634827,28.55621719,Refugio,TX,Texas,EN,El Norte,2688,78128,3,596
595,-97.10488892,28.54475784,Refugio,TX,Texas,EN,El Norte,2688,78129,3,597
596,-97.06478119,28.55048561,Refugio,TX,Texas,EN,El Norte,2688,78130,3,598
597,-97.05332184,28.54475784,Refugio,TX,Texas,EN,El Norte,2688,78131,3,599
598,-97.02467346,28.51037979,Refugio,TX,Texas,EN,El Norte,2688,78132,3,600
601,-96.96164703,28.51037979,Refugio,TX,Texas,EN,El Norte,2688,78133,3,601
602,-96.93872833,28.49319077,Refugio,TX,Texas,EN,El Norte,2688,78134,3,602
604,-96.91580963,28.49319077,Refugio,TX,Texas,EN,El Norte,2688,78135,3,603
605,-96.91008759,28.51037979,Refugio,TX,Texas,EN,El Norte,2688,78136,3,604
607,-96.89289093,28.51037979,Calhoun,TX,Texas,EN,El Norte,2520,75140,3,605
608,-96.89289093,28.51037979,Calhoun,TX,Texas,EN,El Norte,2520,75184,3,606
609,-96.89289093,28.51037979,Refugio,TX,Texas,EN,El Norte,2688,78137,3,607
606,-96.90435028,28.56194496,Calhoun,TX,Texas,EN,El Norte,2520,75141,3,608
603,-96.93299866,28.58486366,Calhoun,TX,Texas,EN,El Norte,2520,75142,3,609
610,-96.86425018,28.64789009,Calhoun,TX,Texas,EN,El Norte,2520,75143,3,610
611,-96.743927,28.67080879,Calhoun,TX,Texas,EN,El Norte,2520,75144,3,611
612,-96.70381927,28.68799591,Calhoun,TX,Texas,EN,El Norte,2520,75145,3,612
613,-96.66943359,28.72810364,Calhoun,TX,Texas,EN,El Norte,2520,75146,3,613